,componente,ano_faixa,eixo,unidades_tematicas,objetos_conhecimento,habilidades,cod_hab,descricao_cod,primeiro_ef,segundo_ef,terceiro_ef,quarto_ef,quinto_ef,sexto_ef,setimo_ef,oitavo_ef,nono_ef
0,Língua Inglesa,6º,Eixo oralidade,Interação discursiva,Construção de laços afetivos e convívio social,"(EF06LI01) Interagir em situações de intercâmbio oral, demonstrando iniciativa para utilizar a língua inglesa.",EF06LI01,"Interagir em situações de intercâmbio oral, demonstrando iniciativa para utilizar a língua inglesa.",0,0,0,0,0,1,0,0,0
1,Língua Inglesa,6º,Eixo oralidade,Interação discursiva,Construção de laços afetivos e convívio social,"(EF06LI02) Coletar informações do grupo, perguntando e respondendo sobre a família, os amigos, a escola e a comunidade..",EF06LI02,"Coletar informações do grupo, perguntando e respondendo sobre a família, os amigos, a escola e a comunidade..",0,0,0,0,0,1,0,0,0
2,Língua Inglesa,6º,Eixo oralidade,Interação discursiva,Funções e usos da língua inglesa em sala de aula (Classroom language),(EF06LI03) Solicitar esclarecimentos em língua inglesa sobre o que não entendeu e o significado de palavras ou expressões desconhecidas.,EF06LI03,Solicitar esclarecimentos em língua inglesa sobre o que não entendeu e o significado de palavras ou expressões desconhecidas.,0,0,0,0,0,1,0,0,0
3,Língua Inglesa,6º,Eixo oralidade,Compreensão oral,Estratégias de compreensão de textos orais: palavras cognatas e pistas do contexto discursivo,"(EF06LI04) Reconhecer, com o apoio de palavras cognatas e pistas do contexto discursivo, o assunto e as informações principais em textos orais sobre temas familiares.",EF06LI04,"Reconhecer, com o apoio de palavras cognatas e pistas do contexto discursivo, o assunto e as informações principais em textos orais sobre temas familiares.",0,0,0,0,0,1,0,0,0
4,Língua Inglesa,6º,Eixo oralidade,Produção oral,"Produção de textos orais, com a mediação do professor","(EF06LI05) Aplicar os conhecimentos da língua inglesa para falar de si e de outras pessoas, explicitando informações pessoais e características relacionadas a gostos, preferências e rotinas.",EF06LI05,"Aplicar os conhecimentos da língua inglesa para falar de si e de outras pessoas, explicitando informações pessoais e características relacionadas a gostos, preferências e rotinas.",0,0,0,0,0,1,0,0,0
5,Língua Inglesa,6º,Eixo oralidade,Produção oral,"Produção de textos orais, com a mediação do professor","(EF06LI06) Planejar apresentação sobre a família, a comunidade e a escola, compartilhando-a oralmente com o grupo.",EF06LI06,"Planejar apresentação sobre a família, a comunidade e a escola, compartilhando-a oralmente com o grupo.",0,0,0,0,0,1,0,0,0
6,Língua Inglesa,6º,Eixo leitura,Estratégias de leitura,Hipóteses sobre a finalidade de um texto,"(EF06LI07) Formular hipóteses sobre a finalidade de um texto em língua inglesa, com base em sua estrutura, organização textual e pistas gráficas.",EF06LI07,"Formular hipóteses sobre a finalidade de um texto em língua inglesa, com base em sua estrutura, organização textual e pistas gráficas.",0,0,0,0,0,1,0,0,0
7,Língua Inglesa,6º,Eixo leitura,Estratégias de leitura,"Compreensão geral e específica: leitura rápida (skimming, scanning)","(EF06LI08) Identificar o assunto de um texto, reconhecendo sua organização textual e palavras cognatas.",EF06LI08,"Identificar o assunto de um texto, reconhecendo sua organização textual e palavras cognatas.",0,0,0,0,0,1,0,0,0
8,Língua Inglesa,6º,Eixo leitura,Estratégias de leitura,"Compreensão geral e específica: leitura rápida (skimming, scanning)",(EF06LI09) Localizar informações específicas em texto.,EF06LI09,Localizar informações específicas em texto.,0,0,0,0,0,1,0,0,0
9,Língua Inglesa,6º,Eixo leitura,Práticas de leitura e construção de repertório lexical,Construção de repertório lexical e autonomia leitora,(EF06LI10) Conhecer a organização de um dicionário bilíngue (impresso e/ou on-line) para construir repertório lexical.,EF06LI10,Conhecer a organização de um dicionário bilíngue (impresso e/ou on-line) para construir repertório lexical.,0,0,0,0,0,1,0,0,0
10,Língua Inglesa,6º,Eixo leitura,Práticas de leitura e construção de repertório lexical,Construção de repertório lexical e autonomia leitora,(EF06LI11) Explorar ambientes virtuais e/ou aplicativos para construir repertório lexical na língua inglesa.,EF06LI11,Explorar ambientes virtuais e/ou aplicativos para construir repertório lexical na língua inglesa.,0,0,0,0,0,1,0,0,0
11,Língua Inglesa,6º,Eixo leitura,Atitudes e disposições favoráveis do leitor,"Partilha de leitura, com mediação do professor","(EF06LI12) Interessar-se pelo texto lido, compartilhando suas ideias sobre o que o texto informa/comunica.",EF06LI12,"Interessar-se pelo texto lido, compartilhando suas ideias sobre o que o texto informa/comunica.",0,0,0,0,0,1,0,0,0
12,Língua Inglesa,6º,Eixo escrita,Estratégias de escrita: pré-escrita,Planejamento do texto: brainstorming,"(EF06LI13) Listar ideias para a produção de textos, levando em conta o tema e o assunto.",EF06LI13,"Listar ideias para a produção de textos, levando em conta o tema e o assunto.",0,0,0,0,0,1,0,0,0
13,Língua Inglesa,6º,Eixo escrita,Estratégias de escrita: pré-escrita,Planejamento do texto: organização de ideias,"(EF06LI14) Organizar ideias, selecionando-as em função da estrutura e do objetivo do texto.",EF06LI14,"Organizar ideias, selecionando-as em função da estrutura e do objetivo do texto.",0,0,0,0,0,1,0,0,0
14,Língua Inglesa,6º,Eixo escrita,Práticas de escrita,"Produção de textos escritos, em formatos diversos, com a mediação do professor","(EF06LI15) Produzir textos escritos em língua inglesa (histórias em quadrinhos, cartazes, chats, blogues, agendas, fotolegendas, entre outros), sobre si mesmo, sua família, seus amigos, gostos, preferências e rotinas, sua comunidade e seu contexto escolar.",EF06LI15,"Produzir textos escritos em língua inglesa (histórias em quadrinhos, cartazes, chats, blogues, agendas, fotolegendas, entre outros), sobre si mesmo, sua família, seus amigos, gostos, preferências e rotinas, sua comunidade e seu contexto escolar.",0,0,0,0,0,1,0,0,0
15,Língua Inglesa,6º,Eixo conhecimentos linguísticos,Estudo do léxico,Construção de repertório lexical,(EF06LI16) Construir repertório relativo às expressões usadas para o convívio social e o uso da língua inglesa em sala de aula.,EF06LI16,Construir repertório relativo às expressões usadas para o convívio social e o uso da língua inglesa em sala de aula.,0,0,0,0,0,1,0,0,0
16,Língua Inglesa,6º,Eixo conhecimentos linguísticos,Estudo do léxico,Construção de repertório lexical,"(EF06LI17) Construir repertório lexical relativo a temas familiares (escola, família, rotina diária, atividades de lazer, esportes, entre outros).",EF06LI17,"Construir repertório lexical relativo a temas familiares (escola, família, rotina diária, atividades de lazer, esportes, entre outros).",0,0,0,0,0,1,0,0,0
17,Língua Inglesa,6º,Eixo conhecimentos linguísticos,Estudo do léxico,Pronúncia,(EF06LI18) Reconhecer semelhanças e diferenças na pronúncia de palavras da língua inglesa e da língua materna e/ou outras línguas conhecidas.,EF06LI18,Reconhecer semelhanças e diferenças na pronúncia de palavras da língua inglesa e da língua materna e/ou outras línguas conhecidas.,0,0,0,0,0,1,0,0,0
18,Língua Inglesa,6º,Eixo conhecimentos linguísticos,Gramática,"Presente simples e contínuo (formas afirmativa, negativa e interrogativa)",(EF06LI19) Utilizar o presente do indicativo para identificar pessoas (verbo to be) e descrever rotinas diárias.,EF06LI19,Utilizar o presente do indicativo para identificar pessoas (verbo to be) e descrever rotinas diárias.,0,0,0,0,0,1,0,0,0
19,Língua Inglesa,6º,Eixo conhecimentos linguísticos,Gramática,"Presente simples e contínuo (formas afirmativa, negativa e interrogativa)",(EF06LI20) Utilizar o presente contínuo para descrever ações em progresso.,EF06LI20,Utilizar o presente contínuo para descrever ações em progresso.,0,0,0,0,0,1,0,0,0
20,Língua Inglesa,6º,Eixo conhecimentos linguísticos,Gramática,Imperativo,"(EF06LI21) Reconhecer o uso do imperativo em enunciados de atividades, comandos e instruções.",EF06LI21,"Reconhecer o uso do imperativo em enunciados de atividades, comandos e instruções.",0,0,0,0,0,1,0,0,0
21,Língua Inglesa,6º,Eixo conhecimentos linguísticos,Gramática,Caso genitivo (‘s),(EF06LI22) Descrever relações por meio do uso de apóstrofo (’) + s.,EF06LI22,Descrever relações por meio do uso de apóstrofo (’) + s.,0,0,0,0,0,1,0,0,0
22,Língua Inglesa,6º,Eixo conhecimentos linguísticos,Gramática,Adjetivos possessivos,"(EF06LI23) Empregar, de forma inteligível, os adjetivos possessivos.",EF06LI23,"Empregar, de forma inteligível, os adjetivos possessivos.",0,0,0,0,0,1,0,0,0
23,Língua Inglesa,6º,Eixo dimensão intercultural,A língua inglesa no mundo,Países que têm a língua inglesa como língua materna e/ou oficial,(EF06LI24) Investigar o alcance da língua inglesa no mundo: como língua materna e/ou oficial (primeira ou segunda língua).,EF06LI24,Investigar o alcance da língua inglesa no mundo: como língua materna e/ou oficial (primeira ou segunda língua).,0,0,0,0,0,1,0,0,0
24,Língua Inglesa,6º,Eixo dimensão intercultural,A língua inglesa no cotidiano da sociedade brasileira/comunidade,Presença da língua inglesa no cotidiano,"(EF06LI25) Identificar a presença da língua inglesa na sociedade brasileira/comunidade (palavras, expressões, suportes e esferas de circulação e consumo) e seu significado.",EF06LI25,"Identificar a presença da língua inglesa na sociedade brasileira/comunidade (palavras, expressões, suportes e esferas de circulação e consumo) e seu significado.",0,0,0,0,0,1,0,0,0
25,Língua Inglesa,6º,Eixo dimensão intercultural,A língua inglesa no cotidiano da sociedade brasileira/comunidade,Presença da língua inglesa no cotidiano,"(EF06LI26) Avaliar, problematizando elementos/produtos culturais de países de língua inglesa absorvidos pela sociedade brasileira/comunidade.",EF06LI26,"Avaliar, problematizando elementos/produtos culturais de países de língua inglesa absorvidos pela sociedade brasileira/comunidade.",0,0,0,0,0,1,0,0,0
26,Língua Inglesa,7º,Eixo oralidade,Interação discursiva,Funções e usos da língua inglesa: convivência e colaboração em sala de aula,"(EF07LI01) Interagir em situações de intercâmbio oral para realizar as atividades em sala de aula, de forma respeitosa e colaborativa, trocando ideias e engajando-se em brincadeiras e jogos.",EF07LI01,"Interagir em situações de intercâmbio oral para realizar as atividades em sala de aula, de forma respeitosa e colaborativa, trocando ideias e engajando-se em brincadeiras e jogos.",0,0,0,0,0,0,1,0,0
27,Língua Inglesa,7º,Eixo oralidade,Interação discursiva,Práticas investigativas,(EF07LI02) Entrevistar os colegas para conhecer suas histórias de vida.,EF07LI02,Entrevistar os colegas para conhecer suas histórias de vida.,0,0,0,0,0,0,1,0,0
28,Língua Inglesa,7º,Eixo oralidade,Compreensão oral,Estratégias de compreensão de textos orais: conhecimentos prévios,(EF07LI03) Mobilizar conhecimentos prévios para compreender texto oral.,EF07LI03,Mobilizar conhecimentos prévios para compreender texto oral.,0,0,0,0,0,0,1,0,0
29,Língua Inglesa,7º,Eixo oralidade,Compreensão oral,Compreensão de textos orais de cunho descritivo ou narrativo,"(EF07LI04) Identificar o contexto, a finalidade, o assunto e os interlocutores em textos orais presentes no cinema, na internet, na televisão, entre outros.",EF07LI04,"Identificar o contexto, a finalidade, o assunto e os interlocutores em textos orais presentes no cinema, na internet, na televisão, entre outros.",0,0,0,0,0,0,1,0,0
30,Língua Inglesa,7º,Eixo oralidade,Produção oral,"Produção de textos orais, com mediação do professor","(EF07LI05) Compor, em língua inglesa, narrativas orais sobre fatos, acontecimentos e personalidades marcantes do passado.",EF07LI05,"Compor, em língua inglesa, narrativas orais sobre fatos, acontecimentos e personalidades marcantes do passado.",0,0,0,0,0,0,1,0,0
31,Língua Inglesa,7º,Eixo leitura,Estratégias de leitura,"Compreensão geral e específica: leitura rápida (skimming, scanning)","(EF07LI06) Antecipar o sentido global de textos em língua inglesa por inferências, com base em leitura rápida, observando títulos, primeiras e últimas frases de parágrafos e palavras-chave repetidas.",EF07LI06,"Antecipar o sentido global de textos em língua inglesa por inferências, com base em leitura rápida, observando títulos, primeiras e últimas frases de parágrafos e palavras-chave repetidas.",0,0,0,0,0,0,1,0,0
32,Língua Inglesa,7º,Eixo leitura,Estratégias de leitura,"Compreensão geral e específica: leitura rápida (skimming, scanning)",(EF07LI07) Identificar a(s) informação(ões)-chave de partes de um texto em língua inglesa (parágrafos).,EF07LI07,Identificar a(s) informação(ões)-chave de partes de um texto em língua inglesa (parágrafos).,0,0,0,0,0,0,1,0,0
33,Língua Inglesa,7º,Eixo leitura,Estratégias de leitura,Construção do sentido global do texto,(EF07LI08) Relacionar as partes de um texto (parágrafos) para construir seu sentido global.,EF07LI08,Relacionar as partes de um texto (parágrafos) para construir seu sentido global.,0,0,0,0,0,0,1,0,0
34,Língua Inglesa,7º,Eixo leitura,Práticas de leitura e pesquisa,Objetivos de leitura,"(EF07LI09) Selecionar, em um texto, a informação desejada como objetivo de leitura.",EF07LI09,"Selecionar, em um texto, a informação desejada como objetivo de leitura.",0,0,0,0,0,0,1,0,0
35,Língua Inglesa,7º,Eixo leitura,Práticas de leitura e pesquisa,Leitura de textos digitais para estudo,"(EF07LI10) Escolher, em ambientes virtuais, textos em língua inglesa, de fontes confiáveis, para estudos/pesquisas escolares.",EF07LI10,"Escolher, em ambientes virtuais, textos em língua inglesa, de fontes confiáveis, para estudos/pesquisas escolares.",0,0,0,0,0,0,1,0,0
36,Língua Inglesa,7º,Eixo leitura,Atitudes e disposições favoráveis do leitor,Partilha de leitura,"(EF07LI11) Participar de troca de opiniões e informações sobre textos, lidos na sala de aula ou em outros ambientes.",EF07LI11,"Participar de troca de opiniões e informações sobre textos, lidos na sala de aula ou em outros ambientes.",0,0,0,0,0,0,1,0,0
37,Língua Inglesa,7º,Eixo escrita,Estratégias de escrita: pré-escrita e escrita,"Pré-escrita: planejamento de produção escrita, com mediação do professor","(EF07LI12) Planejar a escrita de textos em função do contexto (público, finalidade, layout e suporte).",EF07LI12,"Planejar a escrita de textos em função do contexto (público, finalidade, layout e suporte).",0,0,0,0,0,0,1,0,0
38,Língua Inglesa,7º,Eixo escrita,Estratégias de escrita: pré-escrita e escrita,"Escrita: organização em parágrafos ou tópicos, com mediação do professor","(EF07LI13) Organizar texto em unidades de sentido, dividindo-o em parágrafos ou tópicos e subtópicos, explorando as possibilidades de organização gráfica, de suporte e de formato do texto.",EF07LI13,"Organizar texto em unidades de sentido, dividindo-o em parágrafos ou tópicos e subtópicos, explorando as possibilidades de organização gráfica, de suporte e de formato do texto.",0,0,0,0,0,0,1,0,0
39,Língua Inglesa,7º,Eixo escrita,Práticas de escrita,"Produção de textos escritos, em formatos diversos, com mediação do professor","(EF07LI14) Produzir textos diversos sobre fatos, acontecimentos e personalidades do passado (linha do tempo/ timelines, biografias, verbetes de enciclopédias, blogues, entre outros).",EF07LI14,"Produzir textos diversos sobre fatos, acontecimentos e personalidades do passado (linha do tempo/ timelines, biografias, verbetes de enciclopédias, blogues, entre outros).",0,0,0,0,0,0,1,0,0
40,Língua Inglesa,7º,Eixo conhecimentos linguísticos,Estudo do léxico,Construção de repertório lexical,"(EF07LI15) Construir repertório lexical relativo a verbos regulares e irregulares (formas no passado), preposições de tempo (in, on, at) e conectores (and, but, because, then, so, before, after, entre outros).",EF07LI15,"Construir repertório lexical relativo a verbos regulares e irregulares (formas no passado), preposições de tempo (in, on, at) e conectores (and, but, because, then, so, before, after, entre outros).",0,0,0,0,0,0,1,0,0
41,Língua Inglesa,7º,Eixo conhecimentos linguísticos,Estudo do léxico,Pronúncia,(EF07LI16) Reconhecer a pronúncia de verbos regulares no passado (-ed).,EF07LI16,Reconhecer a pronúncia de verbos regulares no passado (-ed).,0,0,0,0,0,0,1,0,0
42,Língua Inglesa,7º,Eixo conhecimentos linguísticos,Estudo do léxico,Polissemia,(EF07LI17) Explorar o caráter polissêmico de palavras de acordo com o contexto de uso.,EF07LI17,Explorar o caráter polissêmico de palavras de acordo com o contexto de uso.,0,0,0,0,0,0,1,0,0
43,Língua Inglesa,7º,Eixo conhecimentos linguísticos,Gramática,"Passado simples e contínuo (formas afirmativa, negativa e interrogativa)","(EF07LI18) Utilizar o passado simples e o passado contínuo para produzir textos orais e escritos, mostrando relações de sequência e causalidade.",EF07LI18,"Utilizar o passado simples e o passado contínuo para produzir textos orais e escritos, mostrando relações de sequência e causalidade.",0,0,0,0,0,0,1,0,0
44,Língua Inglesa,7º,Eixo conhecimentos linguísticos,Gramática,Pronomes do caso reto e do caso oblíquo,(EF07LI19) Discriminar sujeito de objeto utilizando pronomes a eles relacionados.,EF07LI19,Discriminar sujeito de objeto utilizando pronomes a eles relacionados.,0,0,0,0,0,0,1,0,0
45,Língua Inglesa,7º,Eixo conhecimentos linguísticos,Gramática,Verbo modal can (presente e passado),"(EF07LI20) Empregar, de forma inteligível, o verbo modal can para descrever habilidades (no presente e no passado).",EF07LI20,"Empregar, de forma inteligível, o verbo modal can para descrever habilidades (no presente e no passado).",0,0,0,0,0,0,1,0,0
46,Língua Inglesa,7º,Eixo dimensão intercultural,A língua inglesa no mundo,A língua inglesa como língua global na sociedade contemporânea,(EF07LI21) Analisar o alcance da língua inglesa e os seus contextos de uso no mundo globalizado.,EF07LI21,Analisar o alcance da língua inglesa e os seus contextos de uso no mundo globalizado.,0,0,0,0,0,0,1,0,0
47,Língua Inglesa,7º,Eixo dimensão intercultural,Comunicação intercultural,Variação linguística,"(EF07LI22) Explorar modos de falar em língua inglesa, refutando preconceitos e reconhecendo a variação linguística como fenômeno natural das línguas.",EF07LI22,"Explorar modos de falar em língua inglesa, refutando preconceitos e reconhecendo a variação linguística como fenômeno natural das línguas.",0,0,0,0,0,0,1,0,0
48,Língua Inglesa,7º,Eixo dimensão intercultural,Comunicação intercultural,Variação linguística,(EF07LI23) Reconhecer a variação linguística como manifestação de formas de pensar e expressar o mundo.,EF07LI23,Reconhecer a variação linguística como manifestação de formas de pensar e expressar o mundo.,0,0,0,0,0,0,1,0,0
49,Língua Inglesa,8º,Eixo oralidade,Interação discursiva,Negociação de sentidos (mal-entendidos no uso da língua inglesa e conflito de opiniões),"(EF08LI01) Fazer uso da língua inglesa para resolver mal-entendidos, emitir opiniões e esclarecer informações por meio de paráfrases ou justificativas.",EF08LI01,"Fazer uso da língua inglesa para resolver mal-entendidos, emitir opiniões e esclarecer informações por meio de paráfrases ou justificativas.",0,0,0,0,0,0,0,1,0
50,Língua Inglesa,8º,Eixo oralidade,Interação discursiva,Usos de recursos linguísticos e paralinguísticos no intercâmbio oral,"(EF08LI02) Explorar o uso de recursos linguísticos (frases incompletas, hesitações, entre outros) e paralinguísticos (gestos, expressões faciais, entre outros) em situações de interação oral.",EF08LI02,"Explorar o uso de recursos linguísticos (frases incompletas, hesitações, entre outros) e paralinguísticos (gestos, expressões faciais, entre outros) em situações de interação oral.",0,0,0,0,0,0,0,1,0
51,Língua Inglesa,8º,Eixo oralidade,Compreensão oral,"Compreensão de textos orais, multimodais, de cunho informativo/jornalístico","(EF08LI03) Construir o sentido global de textos orais, relacionando suas partes, o assunto principal e informações relevantes.",EF08LI03,"Construir o sentido global de textos orais, relacionando suas partes, o assunto principal e informações relevantes.",0,0,0,0,0,0,0,1,0
52,Língua Inglesa,8º,Eixo oralidade,Produção oral,Produção de textos orais com autonomia,"(EF08LI04) Utilizar recursos e repertório linguísticos apropriados para informar/comunicar/falar do futuro: planos, previsões, possibilidades e probabilidades.",EF08LI04,"Utilizar recursos e repertório linguísticos apropriados para informar/comunicar/falar do futuro: planos, previsões, possibilidades e probabilidades.",0,0,0,0,0,0,0,1,0
53,Língua Inglesa,8º,Eixo leitura,Estratégias de leitura,Construção de sentidos por meio de inferências e reconhecimento de implícitos,(EF08LI05) Inferir informações e relações que não aparecem de modo explícito no texto para construção de sentidos.,EF08LI05,Inferir informações e relações que não aparecem de modo explícito no texto para construção de sentidos.,0,0,0,0,0,0,0,1,0
54,Língua Inglesa,8º,Eixo leitura,Práticas de leitura e fruição,Leitura de textos de cunho artístico/literário,"(EF08LI06) Apreciar textos narrativos em língua inglesa (contos, romances, entre outros, em versão original ou simplificada), como forma de valorizar o patrimônio cultural produzido em língua inglesa.",EF08LI06,"Apreciar textos narrativos em língua inglesa (contos, romances, entre outros, em versão original ou simplificada), como forma de valorizar o patrimônio cultural produzido em língua inglesa.",0,0,0,0,0,0,0,1,0
55,Língua Inglesa,8º,Eixo leitura,Práticas de leitura e fruição,Leitura de textos de cunho artístico/literário,(EF08LI07) Explorar ambientes virtuais e/ou aplicativos para acessar e usufruir do patrimônio artístico literário em língua inglesa.,EF08LI07,Explorar ambientes virtuais e/ou aplicativos para acessar e usufruir do patrimônio artístico literário em língua inglesa.,0,0,0,0,0,0,0,1,0
56,Língua Inglesa,8º,Eixo leitura,Avaliação dos textos lidos,Reflexão pós-leitura,"(EF08LI08) Analisar, criticamente, o conteúdo de textos, comparando diferentes perspectivas apresentadas sobre um mesmo assunto.",EF08LI08,"Analisar, criticamente, o conteúdo de textos, comparando diferentes perspectivas apresentadas sobre um mesmo assunto.",0,0,0,0,0,0,0,1,0
57,Língua Inglesa,8º,Eixo escrita,Estratégias de escrita: escrita e pós- escrita,Revisão de textos com a mediação do professor,"(EF08LI09) Avaliar a própria produção escrita e a de colegas, com base no contexto de comunicação (finalidade e adequação ao público, conteúdo a ser comunicado, organização textual, legibilidade, estrutura de frases).",EF08LI09,"Avaliar a própria produção escrita e a de colegas, com base no contexto de comunicação (finalidade e adequação ao público, conteúdo a ser comunicado, organização textual, legibilidade, estrutura de frases).",0,0,0,0,0,0,0,1,0
58,Língua Inglesa,8º,Eixo escrita,Estratégias de escrita: escrita e pós- escrita,Revisão de textos com a mediação do professor,"(EF08LI10) Reconstruir o texto, com cortes, acréscimos, reformulações e correções, para aprimoramento, edição e publicação final.",EF08LI10,"Reconstruir o texto, com cortes, acréscimos, reformulações e correções, para aprimoramento, edição e publicação final.",0,0,0,0,0,0,0,1,0
59,Língua Inglesa,8º,Eixo escrita,Práticas de escrita,Produção de textos escritos com mediação do professor/colegas,"(EF08LI11) Produzir textos (comentários em fóruns, relatos pessoais, mensagens instantâneas, tweets, reportagens, histórias de ficção, blogues, entre outros), com o uso de estratégias de escrita (planejamento, produção de rascunho, revisão e edição final), apontando sonhos e projetos para o futuro (pessoal, da família, da comunidade ou do planeta).",EF08LI11,"Produzir textos (comentários em fóruns, relatos pessoais, mensagens instantâneas, tweets, reportagens, histórias de ficção, blogues, entre outros), com o uso de estratégias de escrita (planejamento, produção de rascunho, revisão e edição final), apontando sonhos e projetos para o futuro (pessoal, da família, da comunidade ou do planeta).",0,0,0,0,0,0,0,1,0
60,Língua Inglesa,8º,Eixo conhecimentos linguísticos,Estudo do léxico,Construção de repertório lexical,"(EF08LI12) Construir repertório lexical relativo a planos, previsões e expectativas para o futuro.",EF08LI12,"Construir repertório lexical relativo a planos, previsões e expectativas para o futuro.",0,0,0,0,0,0,0,1,0
61,Língua Inglesa,8º,Eixo conhecimentos linguísticos,Estudo do léxico,Formação de palavras: prefixos e sufixos,(EF08LI13) Reconhecer sufixos e prefixos comuns utilizados na formação de palavras em língua inglesa.,EF08LI13,Reconhecer sufixos e prefixos comuns utilizados na formação de palavras em língua inglesa.,0,0,0,0,0,0,0,1,0
62,Língua Inglesa,8º,Eixo conhecimentos linguísticos,Gramática,Verbos para indicar o futuro,(EF08LI14) Utilizar formas verbais do futuro para descrever planos e expectativas e fazer previsões.,EF08LI14,Utilizar formas verbais do futuro para descrever planos e expectativas e fazer previsões.,0,0,0,0,0,0,0,1,0
63,Língua Inglesa,8º,Eixo conhecimentos linguísticos,Gramática,Comparativos e superlativos,"(EF08LI15) Utilizar, de modo inteligível, as formas comparativas e superlativas de adjetivos para comparar qualidades e quantidades.",EF08LI15,"Utilizar, de modo inteligível, as formas comparativas e superlativas de adjetivos para comparar qualidades e quantidades.",0,0,0,0,0,0,0,1,0
64,Língua Inglesa,8º,Eixo conhecimentos linguísticos,Gramática,Quantificadores,"(EF08LI16) Utilizar, de modo inteligível, corretamente, some, any, many, much.",EF08LI16,"Utilizar, de modo inteligível, corretamente, some, any, many, much.",0,0,0,0,0,0,0,1,0
65,Língua Inglesa,8º,Eixo conhecimentos linguísticos,Gramática,Pronomes relativos,"(EF08LI17) Empregar, de modo inteligível, os pronomes relativos (who, which, that, whose) para construir períodos compostos por subordinação.",EF08LI17,"Empregar, de modo inteligível, os pronomes relativos (who, which, that, whose) para construir períodos compostos por subordinação.",0,0,0,0,0,0,0,1,0
66,Língua Inglesa,8º,Eixo dimensão intercultural,Manifestações culturais,Construção de repertório artístico-cultural,"(EF08LI18) Construir repertório cultural por meio do contato com manifestações artístico-culturais vinculadas à língua inglesa (artes plásticas e visuais, literatura, música, cinema, dança, festividades, entre outros), valorizando a diversidade entre culturas.",EF08LI18,"Construir repertório cultural por meio do contato com manifestações artístico-culturais vinculadas à língua inglesa (artes plásticas e visuais, literatura, música, cinema, dança, festividades, entre outros), valorizando a diversidade entre culturas.",0,0,0,0,0,0,0,1,0
67,Língua Inglesa,8º,Eixo dimensão intercultural,Comunicação intercultural,Impacto de aspectos culturais na comunicação,"(EF08LI19) Investigar de que forma expressões, gestos e comportamentos são interpretados em função de aspectos culturais.",EF08LI19,"Investigar de que forma expressões, gestos e comportamentos são interpretados em função de aspectos culturais.",0,0,0,0,0,0,0,1,0
68,Língua Inglesa,8º,Eixo dimensão intercultural,Comunicação intercultural,Impacto de aspectos culturais na comunicação,(EF08LI20) Examinar fatores que podem impedir o entendimento entre pessoas de culturas diferentes que falam a língua inglesa.,EF08LI20,Examinar fatores que podem impedir o entendimento entre pessoas de culturas diferentes que falam a língua inglesa.,0,0,0,0,0,0,0,1,0
69,Língua Inglesa,9º,Eixo oralidade,Interação discursiva,Funções e usos da língua inglesa: persuasão,"(EF09LI01) Fazer uso da língua inglesa para expor pontos de vista, argumentos e contra-argumentos, considerando o contexto e os recursos linguísticos voltados para a eficácia da comunicação.",EF09LI01,"Fazer uso da língua inglesa para expor pontos de vista, argumentos e contra-argumentos, considerando o contexto e os recursos linguísticos voltados para a eficácia da comunicação.",0,0,0,0,0,0,0,0,1
70,Língua Inglesa,9º,Eixo oralidade,Compreensão oral,"Compreensão de textos orais, multimodais, de cunho argumentativo",(EF09LI02) Compilar as ideias-chave de textos por meio de tomada de notas.,EF09LI02,Compilar as ideias-chave de textos por meio de tomada de notas.,0,0,0,0,0,0,0,0,1
71,Língua Inglesa,9º,Eixo oralidade,Compreensão oral,"Compreensão de textos orais, multimodais, de cunho argumentativo",(EF09LI03) Analisar posicionamentos defendidos e refutados em textos orais sobre temas de interesse social e coletivo.,EF09LI03,Analisar posicionamentos defendidos e refutados em textos orais sobre temas de interesse social e coletivo.,0,0,0,0,0,0,0,0,1
72,Língua Inglesa,9º,Eixo oralidade,Produção oral,Produção de textos orais com autonomia,"(EF09LI04) Expor resultados de pesquisa ou estudo com o apoio de recursos, tais como notas, gráficos, tabelas, entre outros, adequando as estratégias de construção do texto oral aos objetivos de comunicação e ao contexto.",EF09LI04,"Expor resultados de pesquisa ou estudo com o apoio de recursos, tais como notas, gráficos, tabelas, entre outros, adequando as estratégias de construção do texto oral aos objetivos de comunicação e ao contexto.",0,0,0,0,0,0,0,0,1
73,Língua Inglesa,9º,Eixo leitura,Estratégias de leitura,Recursos de persuasão,"(EF09LI05) Identificar recursos de persuasão (escolha e jogo de palavras, uso de cores e imagens, tamanho de letras), utilizados nos textos publicitários e de propaganda, como elementos de convencimento.",EF09LI05,"Identificar recursos de persuasão (escolha e jogo de palavras, uso de cores e imagens, tamanho de letras), utilizados nos textos publicitários e de propaganda, como elementos de convencimento.",0,0,0,0,0,0,0,0,1
74,Língua Inglesa,9º,Eixo leitura,Estratégias de leitura,Recursos de argumentação,(EF09LI06) Distinguir fatos de opiniões em textos argumentativos da esfera jornalística.,EF09LI06,Distinguir fatos de opiniões em textos argumentativos da esfera jornalística.,0,0,0,0,0,0,0,0,1
75,Língua Inglesa,9º,Eixo leitura,Estratégias de leitura,Recursos de argumentação,(EF09LI07) Identificar argumentos principais e as evidências/exemplos que os sustentam.,EF09LI07,Identificar argumentos principais e as evidências/exemplos que os sustentam.,0,0,0,0,0,0,0,0,1
76,Língua Inglesa,9º,Eixo leitura,Práticas de leitura e novas tecnologias,Informações em ambientes virtuais,"(EF09LI08) Explorar ambientes virtuais de informação e socialização, analisando a qualidade e a validade das informações veiculadas.",EF09LI08,"Explorar ambientes virtuais de informação e socialização, analisando a qualidade e a validade das informações veiculadas.",0,0,0,0,0,0,0,0,1
77,Língua Inglesa,9º,Eixo leitura,Avaliação dos textos lidos,Reflexão pós-leitura,"(EF09LI09) Compartilhar, com os colegas, a leitura dos textos escritos pelo grupo, valorizando os diferentes pontos de vista defendidos, com ética e respeito.",EF09LI09,"Compartilhar, com os colegas, a leitura dos textos escritos pelo grupo, valorizando os diferentes pontos de vista defendidos, com ética e respeito.",0,0,0,0,0,0,0,0,1
78,Língua Inglesa,9º,Eixo escrita,Estratégias de escrita,Escrita: construção da argumentação,"(EF09LI10) Propor potenciais argumentos para expor e defender ponto de vista em texto escrito, refletindo sobre o tema proposto e pesquisando dados, evidências e exemplos para sustentar os argumentos, organizando-os em sequência lógica.",EF09LI10,"Propor potenciais argumentos para expor e defender ponto de vista em texto escrito, refletindo sobre o tema proposto e pesquisando dados, evidências e exemplos para sustentar os argumentos, organizando-os em sequência lógica.",0,0,0,0,0,0,0,0,1
79,Língua Inglesa,9º,Eixo escrita,Estratégias de escrita,Escrita: construção da persuasão,"(EF09LI11) Utilizar recursos verbais e não verbais para construção da persuasão em textos da esfera publicitária, de forma adequada ao contexto de circulação (produção e compreensão).",EF09LI11,"Utilizar recursos verbais e não verbais para construção da persuasão em textos da esfera publicitária, de forma adequada ao contexto de circulação (produção e compreensão).",0,0,0,0,0,0,0,0,1
80,Língua Inglesa,9º,Eixo escrita,Práticas de escrita,"Produção de textos escritos, com mediação do professor/colegas","(EF09LI12) Produzir textos (infográficos, fóruns de discussão on-line, fotorreportagens, campanhas publicitárias, memes, entre outros) sobre temas de interesse coletivo local ou global, que revelem posicionamento crítico.",EF09LI12,"Produzir textos (infográficos, fóruns de discussão on-line, fotorreportagens, campanhas publicitárias, memes, entre outros) sobre temas de interesse coletivo local ou global, que revelem posicionamento crítico.",0,0,0,0,0,0,0,0,1
81,Língua Inglesa,9º,Eixo conhecimentos linguísticos,Estudo do léxico,Usos de linguagem em meio digital: “internetês”,"(EF09LI13) Reconhecer, nos novos gêneros digitais (blogues, mensagens instantâneas, tweets, entre outros), novas formas de escrita (abreviação de palavras, palavras com combinação de letras e números, pictogramas, símbolos gráficos, entre outros) na constituição das mensagens.",EF09LI13,"Reconhecer, nos novos gêneros digitais (blogues, mensagens instantâneas, tweets, entre outros), novas formas de escrita (abreviação de palavras, palavras com combinação de letras e números, pictogramas, símbolos gráficos, entre outros) na constituição das mensagens.",0,0,0,0,0,0,0,0,1
82,Língua Inglesa,9º,Eixo conhecimentos linguísticos,Estudo do léxico,Conectores (linking words),"(EF09LI14) Utilizar conectores indicadores de adição, condição, oposição, contraste, conclusão e síntese como auxiliares na construção da argumentação e intencionalidade discursiva.",EF09LI14,"Utilizar conectores indicadores de adição, condição, oposição, contraste, conclusão e síntese como auxiliares na construção da argumentação e intencionalidade discursiva.",0,0,0,0,0,0,0,0,1
83,Língua Inglesa,9º,Eixo conhecimentos linguísticos,Gramática,Orações condicionais (tipos 1 e 2),"(EF09LI15) Empregar, de modo inteligível, as formas verbais em orações condicionais dos tipos 1 e 2 (If-clauses).","EF09LI15) Empregar, de modo inteligível, as formas verbais em orações condicionais dos tipos 1 e 2","Empregar, de modo inteligível, as formas verbais em orações condicionais dos tipos 1 e 2 (If-clauses).",0,0,0,0,0,0,0,0,1
84,Língua Inglesa,9º,Eixo conhecimentos linguísticos,Gramática,"Verbos modais: should, must, have to, may e
might","(EF09LI16) Empregar, de modo inteligível, os verbos should, must, have to, may e might para indicar recomendação, necessidade ou obrigação e probabilidade.",EF09LI16,"Empregar, de modo inteligível, os verbos should, must, have to, may e might para indicar recomendação, necessidade ou obrigação e probabilidade.",0,0,0,0,0,0,0,0,1
85,Língua Inglesa,9º,Eixo dimensão intercultural,A língua inglesa no mundo,Expansão da língua inglesa: contexto histórico,"(EF09LI17) Debater sobre a expansão da língua inglesa pelo mundo, em função do processo de colonização nas Américas, África, Ásia e Oceania.",EF09LI17,"Debater sobre a expansão da língua inglesa pelo mundo, em função do processo de colonização nas Américas, África, Ásia e Oceania.",0,0,0,0,0,0,0,0,1
86,Língua Inglesa,9º,Eixo dimensão intercultural,A língua inglesa no mundo,"A língua inglesa e seu papel no intercâmbio científico, econômico e político","(EF09LI18) Analisar a importância da língua inglesa para o desenvolvimento das ciências (produção, divulgação e discussão de novos conhecimentos), da economia e da política no cenário mundial.",EF09LI18,"Analisar a importância da língua inglesa para o desenvolvimento das ciências (produção, divulgação e discussão de novos conhecimentos), da economia e da política no cenário mundial.",0,0,0,0,0,0,0,0,1
87,Língua Inglesa,9º,Eixo dimensão intercultural,Comunicação intercultural,Construção de identidades no mundo globalizado,(EF09LI19) Discutir a comunicação intercultural por meio da língua inglesa como mecanismo de valorização pessoal e de construção de identidades no mundo globalizado.,EF09LI19,Discutir a comunicação intercultural por meio da língua inglesa como mecanismo de valorização pessoal e de construção de identidades no mundo globalizado.,0,0,0,0,0,0,0,0,1
